{"init_params": {"cat_dims": [46, 82, 3, 4, 4, 13, 53], "cat_emb_dim": [10, 10, 3, 3, 3, 7, 10], "cat_idxs": [0, 1, 2, 3, 4, 5, 6], "clip_value": 1, "device_name": "auto", "epsilon": 1e-15, "gamma": 1.3, "input_dim": 18, "lambda_sparse": 0.001, "mask_type": "sparsemax", "momentum": 0.02, "n_a": 8, "n_d": 8, "n_independent": 2, "n_shared": 2, "n_steps": 3, "optimizer_params": {"lr": 0.02}, "output_dim": 1, "scheduler_fn": null, "scheduler_params": {}, "seed": 1312, "verbose": 1}, "class_attrs": {"preds_mapper": null}}